{
"skeleton": { "hash": "3u/++FjU8DmhdzOdhwgULhd4LHc", "spine": "3.6.53", "width": 720, "height": 1280, "images": "./images/jingxicoffee/" },
"bones": [
	{ "name": "root" },
	{
		"name": "bone",
		"parent": "root",
		"length": 253.46,
		"rotation": -0.21,
		"x": -148.5,
		"y": -367.32,
		"scaleX": 1.564,
		"scaleY": 1.564
	},
	{ "name": "beijing", "parent": "bone", "length": 90.01, "rotation": -2.15, "x": 93.03, "y": 450.85 },
	{ "name": "cup", "parent": "bone", "length": 42.6, "rotation": 0.83, "x": 9.22, "y": 389.83 },
	{ "name": "coffee2", "parent": "cup", "length": 36.58, "rotation": -88.89, "x": 37.23, "y": 36.2, "scaleX": 0.302 },
	{ "name": "di", "parent": "cup", "length": 19.73, "rotation": -79.55, "x": 31.43, "y": 27.84 },
	{ "name": "di2", "parent": "cup", "length": 19.73, "rotation": -153.45, "x": 34.24, "y": 48.01 },
	{ "name": "tou", "parent": "bone", "length": 34.37, "rotation": -1.64, "x": 82.29, "y": 478.2 },
	{ "name": "erduo", "parent": "tou", "length": 37.35, "rotation": -125.67, "x": -26.22, "y": -0.3 },
	{ "name": "erduo1", "parent": "tou", "length": 32.31, "rotation": -48.47, "x": 44.31, "y": 5.63 },
	{ "name": "guang", "parent": "bone", "length": 61.3, "rotation": 0.21, "x": 77.53, "y": 322.36 },
	{ "name": "rose", "parent": "tou", "length": 33.23, "rotation": -71.65, "x": 8.24, "y": -17.08 },
	{ "name": "rose3", "parent": "rose", "length": 28.18, "rotation": 53.92, "x": 40.23, "y": 2.85 },
	{ "name": "rose2", "parent": "rose3", "length": 32.21, "rotation": 101.15, "x": 29.02, "y": 4.68 },
	{ "name": "shou", "parent": "tou", "length": 14.39, "rotation": -124.18, "x": -32.5, "y": -41.84, "scaleX": 0.571 },
	{ "name": "shou2", "parent": "tou", "length": 14.39, "rotation": -55.63, "x": 55.9, "y": -42.16, "scaleY": -0.941 }
],
"slots": [
	{ "name": "beijing", "bone": "beijing", "attachment": "beijing" },
	{ "name": "cup", "bone": "cup", "attachment": "cup" },
	{ "name": "guang", "bone": "guang", "attachment": "guang" },
	{ "name": "erduo1", "bone": "erduo1", "attachment": "erduo1" },
	{ "name": "erduo", "bone": "erduo", "attachment": "erduo" },
	{ "name": "tou", "bone": "tou", "attachment": "tou" },
	{ "name": "coffee2", "bone": "coffee2", "attachment": "coffee" },
	{ "name": "shou", "bone": "shou", "attachment": "shou" },
	{ "name": "shou2", "bone": "shou2", "attachment": "shou" },
	{ "name": "rose", "bone": "rose2", "attachment": "rose" },
	{ "name": "di", "bone": "di", "attachment": "di" },
	{ "name": "di2", "bone": "di2", "attachment": "di" }
],
"skins": {
	"default": {
		"beijing": {
			"beijing": { "x": -2.19, "y": -2.03, "rotation": 2.36, "width": 227, "height": 218 }
		},
		"coffee2": {
			"coffee": { "x": 2.57, "y": 51.35, "rotation": 88.26, "width": 113, "height": 58 }
		},
		"cup": {
			"cup": { "x": 86.39, "y": 12.33, "rotation": -1.14, "width": 184, "height": 135 }
		},
		"di": {
			"di": { "x": 9.81, "y": 2.36, "rotation": 75.82, "width": 13, "height": 30 }
		},
		"di2": {
			"di": { "x": 9.81, "y": 2.36, "scaleX": 1.014, "scaleY": 1.014, "rotation": 75.82, "width": 13, "height": 30 }
		},
		"erduo": {
			"erduo": { "x": 11.49, "y": -5.35, "rotation": 127.52, "width": 38, "height": 53 }
		},
		"erduo1": {
			"erduo1": { "x": 12.32, "y": 0.71, "rotation": 50.31, "width": 38, "height": 53 }
		},
		"guang": {
			"guang": { "x": 18.19, "y": 76.99, "width": 184, "height": 127 }
		},
		"rose": {
			"rose": {
				"type": "mesh",
				"uvs": [ 0.05119, 0.04098, 0.23712, 0, 0.4465, 0, 0.51525, 0.02421, 0.56056, 0.12025, 0.4965, 0.39921, 0.559, 0.51049, 0.5965, 0.47086, 0.5465, 0.35805, 0.57462, 0.26506, 0.64181, 0.23762, 0.62775, 0.15226, 0.67306, 0.06842, 0.81212, 0.08671, 0.91056, 0.12177, 0.96525, 0.17055, 0.99494, 0.25592, 0.99962, 0.36415, 0.91056, 0.34128, 0.90119, 0.37634, 0.96994, 0.45409, 0.94806, 0.52269, 0.94337, 0.69189, 0.86681, 0.82909, 0.65275, 0.85958, 0.54025, 0.97543, 0.45275, 1, 0.22931, 1, 0.38244, 0.88854, 0.45119, 0.82909, 0.26837, 0.71933, 0.14962, 0.60805, 0.0465, 0.44647, 0.00119, 0.29403, 0, 0.15073 ],
				"triangles": [ 22, 23, 21, 21, 23, 7, 7, 10, 19, 19, 21, 7, 21, 19, 20, 19, 10, 18, 13, 11, 12, 7, 8, 10, 10, 8, 9, 18, 10, 13, 18, 16, 17, 18, 15, 16, 13, 14, 18, 18, 14, 15, 13, 10, 11, 27, 28, 26, 25, 26, 29, 26, 28, 29, 25, 29, 24, 23, 24, 6, 24, 29, 6, 6, 7, 23, 29, 30, 6, 30, 5, 6, 30, 31, 5, 5, 32, 1, 5, 1, 4, 5, 31, 32, 34, 0, 1, 1, 32, 33, 2, 4, 1, 3, 4, 2, 1, 33, 34 ],
				"vertices": [ 1, 11, -11.51, -11.94, 1, 1, 11, -10.51, 3.27, 1, 1, 11, -5.75, 19.33, 1, 1, 11, -2.29, 24.04, 1, 1, 11, 6.3, 25.28, 1, 3, 11, 26.77, 13.87, 0.8144, 12, 0.98, 17.36, 0.17872, 13, 17.86, 25.05, 0.00688, 3, 11, 36.94, 16.07, 0.14169, 12, 8.75, 10.44, 0.64092, 13, 9.57, 18.77, 0.21739, 3, 11, 34.68, 19.87, 0.02427, 12, 10.49, 14.51, 0.35428, 13, 13.22, 16.28, 0.62145, 3, 11, 24.67, 18.66, 5.0E-5, 12, 3.62, 21.88, 0.0931, 13, 21.79, 21.59, 0.90686, 2, 12, 3.19, 29.82, 0.04643, 13, 29.66, 20.48, 0.95357, 2, 12, 7.5, 33.74, 0.0188, 13, 32.67, 15.5, 0.9812, 2, 12, 4.09, 39.96, 0.00168, 13, 39.43, 17.64, 0.99832, 1, 13, 46.76, 15.06, 1, 1, 13, 46.91, 3.83, 1, 1, 13, 45.22, -4.38, 1, 1, 13, 41.91, -9.29, 1, 1, 13, 35.33, -12.67, 1, 1, 13, 26.61, -14.34, 1, 1, 13, 27.42, -7.02, 1, 1, 13, 24.46, -6.7, 1, 1, 13, 18.96, -13.07, 1, 1, 13, 13.14, -12.16, 1, 2, 12, 42.71, 6.73, 0.12847, 13, -0.64, -13.83, 0.87153, 2, 12, 40.71, -5.92, 0.69859, 13, -12.67, -9.42, 0.30141, 1, 12, 25.41, -14.02, 1, 1, 12, 20.11, -25.98, 1, 1, 12, 14.19, -30.23, 1, 1, 12, -2.65, -36.21, 1, 1, 12, 5.83, -23.5, 1, 1, 12, 9.38, -17.06, 1, 2, 11, 46.76, -11.09, 0.31259, 12, -7.42, -13.48, 0.68741, 2, 11, 35.31, -17.6, 0.86848, 12, -19.43, -8.07, 0.13152, 1, 11, 20.26, -21.75, 1, 1, 11, 7.25, -21.67, 1, 1, 11, -4.05, -18.43, 1 ],
				"hull": 35,
				"edges": [ 0, 2, 2, 4, 4, 6, 6, 8, 8, 10, 10, 12, 12, 14, 14, 16, 16, 18, 18, 20, 20, 22, 22, 24, 24, 26, 26, 28, 28, 30, 30, 32, 32, 34, 34, 36, 36, 38, 38, 40, 40, 42, 42, 44, 44, 46, 46, 48, 48, 50, 50, 52, 52, 54, 54, 56, 56, 58, 58, 60, 60, 62, 62, 64, 64, 66, 66, 68, 0, 68 ],
				"width": 80,
				"height": 82
			}
		},
		"shou": {
			"shou": { "x": 6.09, "y": 2.68, "rotation": 126.03, "width": 22, "height": 26 }
		},
		"shou2": {
			"shou": { "x": 6.09, "y": 2.68, "rotation": 126.03, "width": 22, "height": 26 }
		},
		"tou": {
			"tou": { "x": 8.27, "y": -12.07, "rotation": 1.85, "width": 118, "height": 92 }
		}
	}
},
"animations": {
	"animation": {
		"slots": {
			"beijing": {
				"color": [
					{ "time": 0, "color": "ffffff00" },
					{
						"time": 1.5,
						"color": "ffffff00",
						"curve": [ 0.25, 0, 0.625, 0.5 ]
					},
					{
						"time": 2.1667,
						"color": "ffffff6b",
						"curve": [ 0.336, 0.34, 0.671, 0.68 ]
					},
					{
						"time": 2.8333,
						"color": "ffffffa0",
						"curve": [ 0.25, 0, 0.75, 1 ]
					},
					{ "time": 3, "color": "ffffff00" }
				]
			},
			"coffee2": {
				"color": [
					{ "time": 0, "color": "ffffff00", "curve": "stepped" },
					{ "time": 0.4333, "color": "ffffff00" },
					{ "time": 1.1667, "color": "ffffffff", "curve": "stepped" },
					{ "time": 2.8333, "color": "ffffffff" },
					{ "time": 3, "color": "ffffff00" }
				]
			},
			"cup": {
				"color": [
					{
						"time": 0,
						"color": "ffffff00",
						"curve": [ 0.25, 0, 0.75, 1 ]
					},
					{ "time": 0.6667, "color": "ffffffff", "curve": "stepped" },
					{ "time": 2.8333, "color": "ffffffff" },
					{ "time": 3, "color": "ffffff00" }
				]
			},
			"di": {
				"color": [
					{ "time": 0, "color": "ffffff06", "curve": "stepped" },
					{ "time": 1.6667, "color": "ffffff06" },
					{ "time": 2, "color": "ffffffff", "curve": "stepped" },
					{ "time": 2.8333, "color": "ffffffff" },
					{ "time": 3, "color": "ffffff00" }
				]
			},
			"di2": {
				"color": [
					{ "time": 0, "color": "ffffff06", "curve": "stepped" },
					{ "time": 0.3333, "color": "ffffff06" },
					{ "time": 0.5, "color": "ffffffff" },
					{ "time": 1.1667, "color": "ffffff00" }
				]
			},
			"erduo": {
				"color": [
					{ "time": 0, "color": "ffffff00", "curve": "stepped" },
					{ "time": 1, "color": "ffffff00" },
					{ "time": 1.4333, "color": "ffffffff", "curve": "stepped" },
					{ "time": 2.8333, "color": "ffffffff" },
					{ "time": 3, "color": "ffffff00" }
				]
			},
			"erduo1": {
				"color": [
					{ "time": 0, "color": "ffffff00", "curve": "stepped" },
					{ "time": 1, "color": "ffffff00" },
					{ "time": 1.4333, "color": "ffffffff", "curve": "stepped" },
					{ "time": 2.8333, "color": "ffffffff" },
					{ "time": 3, "color": "ffffff00" }
				]
			},
			"guang": {
				"color": [
					{ "time": 0, "color": "ffffff00", "curve": "stepped" },
					{ "time": 1, "color": "ffffff00" },
					{ "time": 2.3333, "color": "ffffffff" },
					{ "time": 2.8333, "color": "ffffffe0" },
					{ "time": 3, "color": "ffffff00" }
				]
			},
			"rose": {
				"color": [
					{ "time": 0, "color": "ffffff00", "curve": "stepped" },
					{ "time": 1, "color": "ffffff00" },
					{ "time": 1.4667, "color": "ffffffff", "curve": "stepped" },
					{ "time": 2.8333, "color": "ffffffff" },
					{ "time": 3, "color": "ffffff00" }
				]
			},
			"shou": {
				"color": [
					{ "time": 0, "color": "ffffff00", "curve": "stepped" },
					{ "time": 1, "color": "ffffff00" },
					{ "time": 1.4333, "color": "ffffffff", "curve": "stepped" },
					{ "time": 2.8333, "color": "ffffffff" },
					{ "time": 3, "color": "ffffff00" }
				]
			},
			"shou2": {
				"color": [
					{ "time": 0, "color": "ffffff00", "curve": "stepped" },
					{ "time": 1, "color": "ffffff00" },
					{ "time": 1.4333, "color": "ffffffff", "curve": "stepped" },
					{ "time": 2.8333, "color": "ffffffff" },
					{ "time": 3, "color": "ffffff00" }
				]
			},
			"tou": {
				"color": [
					{ "time": 0, "color": "ffffff00", "curve": "stepped" },
					{
						"time": 1,
						"color": "ffffff00",
						"curve": [ 0.25, 0, 0.75, 1 ]
					},
					{ "time": 1.4333, "color": "ffffffff", "curve": "stepped" },
					{
						"time": 2.8333,
						"color": "ffffffff",
						"curve": [ 0.25, 0, 0.75, 1 ]
					},
					{ "time": 3, "color": "ffffff00" }
				]
			}
		},
		"bones": {
			"bone": {
				"translate": [
					{ "time": 0, "x": -7.98, "y": -49.51 }
				],
				"scale": [
					{ "time": 0, "x": 1.057, "y": 1.057 }
				]
			},
			"beijing": {
				"scale": [
					{ "time": 1.5, "x": 1, "y": 1 },
					{ "time": 2.1667, "x": 1.082, "y": 1.082 },
					{ "time": 3, "x": 1, "y": 1 }
				]
			},
			"cup": {
				"rotate": [
					{
						"time": 0,
						"angle": -0.62,
						"curve": [ 0.25, 0, 0.75, 1 ]
					},
					{ "time": 0.6667, "angle": 5.55 },
					{ "time": 0.8333, "angle": -0.62 },
					{ "time": 0.9333, "angle": -2.85 },
					{ "time": 1, "angle": -0.62 }
				],
				"translate": [
					{
						"time": 0,
						"x": 259.11,
						"y": 0.94,
						"curve": [ 0.25, 0, 0.75, 1 ]
					},
					{
						"time": 0.5,
						"x": -11.66,
						"y": -0.04,
						"curve": [ 0.25, 0, 0.75, 1 ]
					},
					{
						"time": 0.6667,
						"x": -4.17,
						"y": -0.02,
						"curve": [ 0.25, 0, 0.75, 1 ]
					},
					{ "time": 0.8333, "x": 0.33, "y": 0 },
					{ "time": 0.9333, "x": 0.32, "y": 2.5 },
					{ "time": 1, "x": 0.33, "y": 0.98 }
				]
			},
			"erduo1": {
				"rotate": [
					{ "time": 0, "angle": 0 },
					{ "time": 1.7333, "angle": 13.52 },
					{ "time": 2.2667, "angle": 5.67 },
					{ "time": 3, "angle": 20.01 }
				]
			},
			"erduo": {
				"rotate": [
					{ "time": 0, "angle": 0 },
					{ "time": 1.7333, "angle": -5.42 },
					{ "time": 2.2667, "angle": 5.86 },
					{ "time": 2.8333, "angle": -5.17 },
					{ "time": 3, "angle": 16.69 }
				]
			},
			"tou": {
				"rotate": [
					{ "time": 3, "angle": 0.06 }
				],
				"translate": [
					{
						"time": 1,
						"x": 8.31,
						"y": -37.03,
						"curve": [ 0.25, 0, 0.75, 1 ]
					},
					{
						"time": 1.5667,
						"x": -0.23,
						"y": -1.69,
						"curve": [ 0.269, 0, 0.618, 0.42 ]
					},
					{
						"time": 2,
						"x": -0.22,
						"y": -6.66,
						"curve": [ 0.32, 0.29, 0.667, 0.67 ]
					},
					{
						"time": 2.5333,
						"x": -0.23,
						"y": -1.45,
						"curve": [ 0.381, 0.55, 0.742, 1 ]
					},
					{ "time": 3, "x": -0.22, "y": -4.59 }
				],
				"scale": [
					{
						"time": 1,
						"x": 0.277,
						"y": 0.277,
						"curve": [ 0.25, 0, 0.75, 1 ]
					},
					{
						"time": 1.1333,
						"x": 0.439,
						"y": 0.439,
						"curve": [ 0.25, 0, 0.75, 1 ]
					},
					{ "time": 1.5, "x": 0.946, "y": 0.946 }
				]
			},
			"shou": {
				"rotate": [
					{ "time": 2.1667, "angle": 0 },
					{ "time": 2.7667, "angle": 20.33 },
					{ "time": 3, "angle": -3.16 }
				],
				"scale": [
					{ "time": 1.7333, "x": 1, "y": 1 },
					{ "time": 2.1667, "x": 1.904, "y": 1 }
				]
			},
			"rose2": {
				"rotate": [
					{ "time": 1.4667, "angle": 0 },
					{ "time": 1.8, "angle": -0.59 },
					{ "time": 2.1667, "angle": 3.13 },
					{ "time": 2.7333, "angle": -4.69 }
				]
			},
			"rose": {
				"rotate": [
					{ "time": 1.4667, "angle": 0 },
					{ "time": 1.8, "angle": -9.74 },
					{ "time": 2.1667, "angle": -1.89 },
					{ "time": 2.7333, "angle": -5.33 },
					{ "time": 3, "angle": -0.01 }
				]
			},
			"coffee2": {
				"scale": [
					{ "time": 0, "x": 1, "y": 1, "curve": "stepped" },
					{ "time": 0.3, "x": 1, "y": 1 },
					{ "time": 0.7, "x": 3.032, "y": 1 },
					{ "time": 2.1667, "x": 4.626, "y": 1 }
				]
			},
			"di": {
				"translate": [
					{ "time": 1.6667, "x": 0, "y": 0 },
					{ "time": 2.8333, "x": 4.18, "y": -18.82 }
				],
				"scale": [
					{ "time": 1.6667, "x": 0.275, "y": 1 },
					{ "time": 2.8333, "x": 0.946, "y": 1 }
				]
			},
			"rose3": {
				"rotate": [
					{ "time": 1.4667, "angle": 0 },
					{ "time": 1.8, "angle": 3.81 },
					{ "time": 2.1667, "angle": 5.49 },
					{ "time": 2.7333, "angle": -2.85 }
				]
			},
			"di2": {
				"rotate": [
					{ "time": 0.3333, "angle": 0 },
					{ "time": 0.6667, "angle": 17.22 }
				],
				"translate": [
					{ "time": 0.4333, "x": 0, "y": 0 },
					{ "time": 0.8333, "x": -47.18, "y": -48.18 }
				]
			}
		}
	}
}
}