{"skeleton":{"hash":"2Jv3LqT5MQMv20ju17ftwayl1g0","spine":"3.7.46-beta","width":568.54,"height":629.6,"images":"./images/","audio":"/Users/inke/杜艳珍/2019动效/校园频道小纸条"},"bones":[{"name":"root"},{"name":"bone","parent":"root","length":263.97,"rotation":-179.11,"x":200.66,"y":60.16},{"name":"bone2","parent":"bone","x":205.84,"y":-242.62,"color":"ff0000ff"},{"name":"guanga","parent":"bone","length":102,"rotation":89.64,"x":185.19,"y":-234.04},{"name":"guanga2","parent":"bone","length":102,"rotation":-10.63,"x":185.19,"y":-234.04},{"name":"guanga3","parent":"bone","length":102,"rotation":-134.68,"x":185.59,"y":-208.02},{"name":"hudie1","parent":"bone","length":42.78,"rotation":25.17,"x":172.13,"y":-115.79},{"name":"hudie2","parent":"bone","length":51.51,"rotation":-10.95,"x":336.79,"y":-200.12},{"name":"hudie3","parent":"bone","length":29.05,"rotation":143.44,"x":149.02,"y":-330.1},{"name":"shou","parent":"bone","length":224.62,"rotation":-42.57,"x":-19.4,"y":-63.13,"color":"ff0000ff"},{"name":"xingguang353","parent":"bone2","rotation":21.39,"x":-151,"y":-85.17,"color":"ff0000ff"},{"name":"xingguang354","parent":"bone2","rotation":22.66,"x":155.25,"y":1.15,"color":"ff0000ff"},{"name":"xingguang355","parent":"bone2","rotation":20.54,"x":57.68,"y":-103.85,"scaleX":0.649,"scaleY":0.649,"color":"ff0000ff"},{"name":"xingguang356","parent":"bone2","rotation":40.7,"x":-27.92,"y":87.73,"scaleX":0.487,"scaleY":0.487,"color":"ff0000ff"},{"name":"xingguang357","parent":"bone2","rotation":51.99,"x":24.12,"y":143.85,"scaleX":0.57,"scaleY":0.57,"color":"ff0000ff"},{"name":"xingguang358","parent":"bone2","rotation":20.54,"x":-124.7,"y":-14.84,"scaleX":0.548,"scaleY":0.548,"color":"ff0000ff"},{"name":"xingguang359","parent":"bone2","rotation":20.54,"x":96.88,"y":64.66,"scaleX":0.321,"scaleY":0.321,"color":"ff0000ff"},{"name":"zhi","parent":"shou","length":65.85,"rotation":52.3,"x":222.13,"y":-57.12,"color":"1bff00ff"},{"name":"zhi3","parent":"zhi","length":47.65,"rotation":1.14,"x":64.11,"y":-0.5,"color":"1bff00ff"},{"name":"zhi4","parent":"zhi3","length":47.65,"x":47.65,"color":"1bff00ff"},{"name":"zhi5","parent":"zhi4","length":47.65,"x":47.65,"color":"1bff00ff"}],"slots":[{"name":"bg","bone":"root"},{"name":"guanga","bone":"guanga","attachment":"guanga"},{"name":"guanga2","bone":"guanga2","attachment":"guanga"},{"name":"guanga3","bone":"guanga3","attachment":"guanga"},{"name":"shou","bone":"shou","attachment":"shou"},{"name":"zhi","bone":"zhi5","attachment":"zhi"},{"name":"hudie1","bone":"hudie1","attachment":"hudie1"},{"name":"hudie2","bone":"hudie2","attachment":"hudie2"},{"name":"hudie3","bone":"hudie3","attachment":"hudie3"},{"name":"xingguang353","bone":"xingguang353","attachment":"xingguang353"},{"name":"xingguang354","bone":"xingguang354","attachment":"xingguang353"},{"name":"xingguang355","bone":"xingguang355","attachment":"xingguang353"},{"name":"xingguang358","bone":"xingguang358","attachment":"xingguang353"},{"name":"xingguang359","bone":"xingguang359","attachment":"xingguang353"},{"name":"xingguang356","bone":"xingguang356","attachment":"xingguang353"},{"name":"xingguang357","bone":"xingguang357","attachment":"xingguang353"}],"skins":{"default":{"guanga":{"guanga":{"x":-9.38,"y":-49.55,"rotation":89.47,"width":434,"height":336}},"guanga2":{"guanga":{"x":-9.38,"y":-49.55,"rotation":89.47,"width":434,"height":336}},"guanga3":{"guanga":{"x":-9.38,"y":-49.55,"rotation":89.47,"width":434,"height":336}},"hudie1":{"hudie1":{"x":3.57,"y":-8.63,"rotation":153.95,"width":45,"height":46}},"hudie2":{"hudie2":{"x":-2.34,"y":-0.84,"rotation":-169.94,"width":66,"height":64}},"hudie3":{"hudie3":{"x":0.06,"y":14.87,"rotation":35.68,"width":88,"height":79}},"shou":{"shou":{"x":123.96,"y":0.39,"rotation":-138.32,"width":220,"height":193}},"xingguang353":{"xingguang353":{"x":6.23,"y":1.49,"rotation":179.11,"width":82,"height":76}},"xingguang354":{"xingguang353":{"x":6.23,"y":1.49,"rotation":179.11,"width":82,"height":76}},"xingguang355":{"xingguang353":{"x":6.23,"y":1.49,"rotation":179.11,"width":82,"height":76}},"xingguang356":{"xingguang353":{"x":6.23,"y":1.49,"rotation":179.11,"width":82,"height":76}},"xingguang357":{"xingguang353":{"x":6.23,"y":1.49,"rotation":179.11,"width":82,"height":76}},"xingguang358":{"xingguang353":{"x":6.23,"y":1.49,"rotation":179.11,"width":82,"height":76}},"xingguang359":{"xingguang353":{"x":6.23,"y":1.49,"rotation":179.11,"width":82,"height":76}},"zhi":{"zhi":{"type":"mesh","uvs":[1,0.49519,1,0.46538,0.97919,0.34908,0.91674,0,0.60679,0.07043,0.5065,0.09322,0.4019,0.11698,0.3069,0.13857,0.21199,0.16014,0.10016,0.18555,0,0.20831,0.06087,0.56473,0.13521,1,0.24533,0.97397,0.35344,0.94842,0.44734,0.92622,0.56187,0.89915,0.66907,0.87381,0.7777,0.84813,0.81605,0.83957,0.7705,0.73959,0.76571,0.6082,0.80886,0.51108,0.91914,0.51394,1,0.53108,0.67221,0.41111,0.47323,0.46538,0.27186,0.51394,0.91031,0.47688,0.79992,0.48021,0.74402,0.57844,0.16428,0.53984,0.36893,0.49053,0.57387,0.43793],"triangles":[18,20,19,28,1,0,23,0,24,31,9,27,10,9,31,11,10,31,31,27,14,13,31,14,11,31,13,12,11,13,32,7,26,8,7,32,27,8,32,9,8,27,32,26,16,15,32,16,27,32,15,14,27,15,18,17,33,25,4,2,5,4,25,33,5,25,6,5,33,26,6,33,7,6,26,18,33,25,26,33,17,4,3,2,2,29,25,1,28,2,28,29,2,22,29,28,23,28,0,22,28,23,30,25,29,30,29,22,21,30,22,30,21,20,25,30,20,18,25,20,16,26,17],"vertices":[1,9,197.51,-43.13,1,1,9,201.23,-47.31,1,2,17,-4.47,0.18,0.99986,18,-68.55,2.04,1.4E-4,2,17,-2.81,-66.9,0.66937,18,-68.22,-65.06,0.33063,4,17,67.87,-66.68,0.09228,18,2.45,-66.24,0.8493,19,-45.21,-66.24,0.05729,20,-92.86,-66.24,0.00113,4,17,90.74,-66.61,0.00745,18,25.31,-66.62,0.78785,19,-22.34,-66.62,0.18528,20,-69.99,-66.62,0.01942,3,18,49.16,-67.02,0.52071,19,1.51,-67.02,0.38115,20,-46.14,-67.02,0.09814,3,18,70.82,-67.39,0.25901,19,23.17,-67.39,0.46915,20,-24.48,-67.39,0.27184,3,18,92.46,-67.75,0.09142,19,44.81,-67.75,0.36516,20,-2.84,-67.75,0.54342,3,18,117.96,-68.17,0.01329,19,70.31,-68.17,0.15534,20,22.66,-68.17,0.83138,2,19,93.15,-68.56,0.07658,20,45.49,-68.56,0.92342,1,20,45.79,-0.18,1,4,17,203.9,85.62,0.02206,18,141.47,83.33,5.2E-4,19,93.82,83.33,0.11556,20,46.16,83.33,0.86185,4,17,178.75,85.36,0.04359,18,116.32,83.57,0.01405,19,68.67,83.57,0.17619,20,21.02,83.57,0.76617,4,17,154.06,85.1,0.11252,18,91.63,83.8,0.06018,19,43.98,83.8,0.29443,20,-3.67,83.8,0.53286,4,17,132.62,84.87,0.22182,18,70.19,84,0.12669,19,22.54,84,0.34088,20,-25.11,84,0.31061,4,17,106.47,84.6,0.42334,18,44.04,84.24,0.19689,19,-3.61,84.24,0.26114,20,-51.27,84.24,0.11863,4,17,81.99,84.34,0.63632,18,19.56,84.47,0.19336,19,-28.09,84.47,0.13979,20,-75.74,84.47,0.03053,1,9,190.58,39.54,1,1,9,185.23,32.63,1,1,17,55.01,63.73,1,1,17,51.51,39.25,1,1,17,38.64,23.09,1,1,17,14.46,28.17,1,1,9,193.02,-38.09,1,1,18,1.15,-0.55,1,4,17,110.95,0.79,5.9E-4,18,46.86,0.36,0.63396,19,-0.79,0.36,0.36544,20,-48.44,0.36,1.0E-5,2,19,45.23,0.1,0.94846,20,-2.42,0.1,0.05154,1,17,15.12,20.96,1,1,17,39.54,17.01,1,1,17,55.25,32.86,1,1,20,22.17,-0.04,1,2,17,134.79,1.13,9.0E-5,19,23.05,0.23,0.99991,1,18,23.74,-0.1,1],"hull":25,"edges":[36,38,38,40,40,42,42,44,44,46,46,48,2,4,4,6,4,50,20,22,22,24,6,8,8,50,50,36,12,52,52,32,16,54,54,28,2,0,0,48,0,56,56,58,58,60,60,40,40,36,16,18,18,20,22,62,62,54,18,62,24,26,26,28,62,26,12,14,14,16,52,64,64,54,14,64,28,30,30,32,64,30,8,10,10,12,50,66,66,52,10,66,32,34,34,36,66,34],"width":224,"height":188}}}},"animations":{"animation":{"slots":{"guanga":{"color":[{"time":0,"color":"ffffff00"},{"time":0.2,"color":"ffffffce"},{"time":0.4,"color":"ffffffff"},{"time":0.7333,"color":"ffffff00","curve":"stepped"},{"time":0.7667,"color":"ffffff00"},{"time":1.1,"color":"ffffffff"},{"time":1.3667,"color":"ffffffd7"},{"time":1.4333,"color":"ffffffce"},{"time":1.7667,"color":"ffffffff"},{"time":2.1,"color":"ffffff00","curve":"stepped"},{"time":2.1333,"color":"ffffff00"},{"time":2.4667,"color":"ffffffff"},{"time":2.5667,"color":"ffffffeb"},{"time":2.6667,"color":"ffffff00"}]},"guanga2":{"color":[{"time":0,"color":"ffffff00"},{"time":0.2,"color":"ffffff32"},{"time":0.3333,"color":"ffffffff"},{"time":0.6667,"color":"ffffffce"},{"time":1,"color":"ffffffff"},{"time":1.3333,"color":"ffffff00","curve":"stepped"},{"time":1.3667,"color":"ffffff00"},{"time":1.7,"color":"ffffffff"},{"time":2.0333,"color":"ffffffce"},{"time":2.3667,"color":"ffffffff"},{"time":2.5667,"color":"ffffff55"},{"time":2.6667,"color":"ffffff00"}]},"guanga3":{"color":[{"time":0,"color":"ffffff00"},{"time":0.2,"color":"ffffffcc"},{"time":0.3333,"color":"ffffff00","curve":"stepped"},{"time":0.3667,"color":"ffffff00"},{"time":0.7,"color":"ffffffff"},{"time":1.0333,"color":"ffffffce"},{"time":1.3667,"color":"ffffffff"},{"time":1.7,"color":"ffffff00","curve":"stepped"},{"time":1.7333,"color":"ffffff00"},{"time":2.0667,"color":"ffffffff"},{"time":2.4,"color":"ffffffce"},{"time":2.5667,"color":"ffffffec"},{"time":2.6667,"color":"ffffff00"}]},"hudie1":{"color":[{"time":0,"color":"ffffff00"},{"time":0.3333,"color":"ffffffff","curve":"stepped"},{"time":2.5667,"color":"ffffffff"},{"time":2.6667,"color":"ffffff00"}]},"hudie2":{"color":[{"time":0,"color":"ffffff00"},{"time":0.3333,"color":"ffffffff","curve":"stepped"},{"time":2.5667,"color":"ffffffff"},{"time":2.6667,"color":"ffffff00"}]},"hudie3":{"color":[{"time":0,"color":"ffffff00"},{"time":0.3333,"color":"ffffffff","curve":"stepped"},{"time":2.5667,"color":"ffffffff"},{"time":2.6667,"color":"ffffff00"}]},"shou":{"color":[{"time":0,"color":"ffffff00"},{"time":0.2667,"color":"ffffffff","curve":"stepped"},{"time":2.5667,"color":"ffffffff"},{"time":2.6667,"color":"ffffff00"}]},"xingguang353":{"color":[{"time":0,"color":"ffffff00","curve":"stepped"},{"time":0.1667,"color":"ffffff00"},{"time":0.5,"color":"ffffffff"},{"time":0.8333,"color":"ffffff00","curve":"stepped"},{"time":0.8667,"color":"ffffff00"},{"time":1.2,"color":"ffffffff"},{"time":1.3667,"color":"ffffff7f"},{"time":1.5333,"color":"ffffff00"},{"time":1.8667,"color":"ffffffff"},{"time":2.1667,"color":"ffffff00","curve":"stepped"},{"time":2.2,"color":"ffffff00"},{"time":2.5667,"color":"ffffffff"},{"time":2.6667,"color":"ffffff00"}]},"xingguang354":{"color":[{"time":0,"color":"ffffff00","curve":"stepped"},{"time":0.1667,"color":"ffffff00"},{"time":0.5,"color":"ffffffff"},{"time":0.8333,"color":"ffffff00","curve":"stepped"},{"time":0.8667,"color":"ffffff00"},{"time":1.2,"color":"ffffffff"},{"time":1.3667,"color":"ffffff7f"},{"time":1.5333,"color":"ffffff00"},{"time":1.8667,"color":"ffffffff"},{"time":2.1667,"color":"ffffff00","curve":"stepped"},{"time":2.2,"color":"ffffff00"},{"time":2.5667,"color":"ffffffff"},{"time":2.6667,"color":"ffffff00"}]},"xingguang355":{"color":[{"time":0,"color":"ffffff00"},{"time":0.3333,"color":"ffffffff"},{"time":0.6667,"color":"ffffff00"},{"time":1.0333,"color":"ffffffff"},{"time":1.3333,"color":"ffffff00","curve":"stepped"},{"time":1.3667,"color":"ffffff00"},{"time":1.7,"color":"ffffffff"},{"time":2.0333,"color":"ffffff00"},{"time":2.4,"color":"ffffffff"},{"time":2.5667,"color":"ffffff5f"},{"time":2.6667,"color":"ffffff00"}]},"xingguang356":{"color":[{"time":0,"color":"ffffff00"},{"time":0.3333,"color":"ffffffff"},{"time":0.6667,"color":"ffffff00"},{"time":1.0333,"color":"ffffffff"},{"time":1.3333,"color":"ffffff00","curve":"stepped"},{"time":1.3667,"color":"ffffff00"},{"time":1.7,"color":"ffffffff"},{"time":2.0333,"color":"ffffff00"},{"time":2.4,"color":"ffffffff"},{"time":2.5667,"color":"ffffff5f"},{"time":2.6667,"color":"ffffff00"}]},"xingguang357":{"color":[{"time":0,"color":"ffffff00","curve":"stepped"},{"time":0.1667,"color":"ffffff00"},{"time":0.5,"color":"ffffffff"},{"time":0.8333,"color":"ffffff00","curve":"stepped"},{"time":0.8667,"color":"ffffff00"},{"time":1.2,"color":"ffffffff"},{"time":1.3667,"color":"ffffff7f"},{"time":1.5333,"color":"ffffff00"},{"time":1.8667,"color":"ffffffff"},{"time":2.1667,"color":"ffffff00","curve":"stepped"},{"time":2.2,"color":"ffffff00"},{"time":2.5667,"color":"ffffffff"},{"time":2.6667,"color":"ffffff00"}]},"xingguang358":{"color":[{"time":0,"color":"ffffff00","curve":"stepped"},{"time":0.1667,"color":"ffffff00"},{"time":0.5,"color":"ffffffff"},{"time":0.8333,"color":"ffffff00","curve":"stepped"},{"time":0.8667,"color":"ffffff00"},{"time":1.2,"color":"ffffffff"},{"time":1.3667,"color":"ffffff7f"},{"time":1.5333,"color":"ffffff00"},{"time":1.8667,"color":"ffffffff"},{"time":2.1667,"color":"ffffff00","curve":"stepped"},{"time":2.2,"color":"ffffff00"},{"time":2.5667,"color":"ffffffff"},{"time":2.6667,"color":"ffffff00"}]},"xingguang359":{"color":[{"time":0,"color":"ffffff00"},{"time":0.3333,"color":"ffffffff"},{"time":0.6667,"color":"ffffff00"},{"time":1.0333,"color":"ffffffff"},{"time":1.3333,"color":"ffffff00","curve":"stepped"},{"time":1.3667,"color":"ffffff00"},{"time":1.7,"color":"ffffffff"},{"time":2.0333,"color":"ffffff00"},{"time":2.4,"color":"ffffffff"},{"time":2.5667,"color":"ffffff5f"},{"time":2.6667,"color":"ffffff00"}]},"zhi":{"color":[{"time":0,"color":"ffffff00"},{"time":0.2667,"color":"ffffffff","curve":"stepped"},{"time":2.5667,"color":"ffffffff"},{"time":2.6667,"color":"ffffff00"}]}},"bones":{"zhi":{"rotate":[{"time":0,"angle":-1.22},{"time":0.6667,"angle":1.64},{"time":1.3667,"angle":-1.22},{"time":2.0333,"angle":1.64},{"time":2.6667,"angle":-1.22}],"scale":[{"time":0,"x":1,"y":1},{"time":0.6667,"x":0.944,"y":1},{"time":1.3667,"x":1,"y":1},{"time":2.0333,"x":0.944,"y":1},{"time":2.6667,"x":1,"y":1}]},"zhi3":{"rotate":[{"time":0,"angle":-0.46},{"time":0.2333,"angle":-1.6},{"time":0.9333,"angle":1.64},{"time":1.3667,"angle":-0.46},{"time":1.6,"angle":-1.6},{"time":2.3,"angle":1.64},{"time":2.6667,"angle":-0.46}],"scale":[{"time":0,"x":0.986,"y":1.006},{"time":0.2333,"x":1.009,"y":1.009},{"time":0.9333,"x":0.944,"y":1},{"time":1.3667,"x":0.986,"y":1.006},{"time":1.6,"x":1.009,"y":1.009},{"time":2.3,"x":0.944,"y":1},{"time":2.6667,"x":0.986,"y":1.006}]},"zhi4":{"rotate":[{"time":0,"angle":1.14},{"time":0.4667,"angle":-2.61},{"time":1.1667,"angle":2.74},{"time":1.3667,"angle":1.14},{"time":1.8333,"angle":-2.61},{"time":2.5333,"angle":2.74},{"time":2.6667,"angle":1.14}],"scale":[{"time":0,"x":0.965,"y":1.004},{"time":0.4667,"x":1.014,"y":1.014},{"time":1.1667,"x":0.944,"y":1},{"time":1.3667,"x":0.965,"y":1.004},{"time":1.8333,"x":1.014,"y":1.014},{"time":2.5333,"x":0.944,"y":1},{"time":2.6667,"x":0.965,"y":1.004}]},"zhi5":{"rotate":[{"time":0,"angle":2.36},{"time":0.0333,"angle":2.74},{"time":0.7333,"angle":-4.98},{"time":1.3667,"angle":2.36},{"time":1.4,"angle":2.74},{"time":2.0667,"angle":-4.98},{"time":2.6667,"angle":2.36}],"scale":[{"time":0,"x":0.947,"y":1.001},{"time":0.0333,"x":0.944,"y":1},{"time":0.7333,"x":1.014,"y":1.014},{"time":1.3667,"x":0.947,"y":1.001},{"time":1.4,"x":0.944,"y":1},{"time":2.0667,"x":1.014,"y":1.014},{"time":2.6667,"x":0.947,"y":1.001}]},"shou":{"rotate":[{"time":0,"angle":42.58,"curve":[0.25,0,0.75,1]},{"time":0.5,"angle":2.01,"curve":[0.347,0.38,0.717,0.84]},{"time":1.1667,"angle":0.13,"curve":[0.363,0.64,0.699,1]},{"time":1.3667,"angle":0,"curve":[0.25,0,0.75,1]},{"time":2.0667,"angle":3.19,"curve":[0.25,0,0.75,1]},{"time":2.6667,"angle":0}]},"xingguang358":{"translate":[{"time":0,"x":29.47,"y":6.29},{"time":0.8333,"x":0,"y":0,"curve":"stepped"},{"time":0.8667,"x":47.88,"y":10.23},{"time":1.3667,"x":29.47,"y":6.29},{"time":2.1667,"x":0,"y":0,"curve":"stepped"},{"time":2.2,"x":47.88,"y":10.23},{"time":2.6667,"x":29.47,"y":6.29}]},"xingguang353":{"translate":[{"time":0,"x":42.85,"y":20.6},{"time":0.8333,"x":0,"y":0,"curve":"stepped"},{"time":0.8667,"x":69.64,"y":33.48},{"time":1.3667,"x":42.85,"y":20.6},{"time":2.1667,"x":0,"y":0,"curve":"stepped"},{"time":2.2,"x":69.64,"y":33.48},{"time":2.6667,"x":42.85,"y":20.6}]},"xingguang355":{"translate":[{"time":0,"x":-16.8,"y":48.53},{"time":1.3333,"x":0,"y":0,"curve":"stepped"},{"time":1.3667,"x":-16.8,"y":48.53},{"time":2.6667,"x":0,"y":0}]},"xingguang354":{"translate":[{"time":0,"x":-43.48,"y":4.05},{"time":0.8333,"x":0,"y":0,"curve":"stepped"},{"time":0.8667,"x":-70.66,"y":6.58},{"time":1.3667,"x":-43.48,"y":4.05},{"time":2.1667,"x":0,"y":0,"curve":"stepped"},{"time":2.2,"x":-70.66,"y":6.58},{"time":2.6667,"x":-43.48,"y":4.05}]},"xingguang356":{"translate":[{"time":0,"x":-20.75,"y":-29.3},{"time":1.3333,"x":0,"y":0,"curve":"stepped"},{"time":1.3667,"x":-20.75,"y":-29.3},{"time":2.6667,"x":0,"y":0}]},"xingguang357":{"translate":[{"time":0,"x":-6.82,"y":-47.83},{"time":0.8333,"x":0,"y":0,"curve":"stepped"},{"time":0.8667,"x":-11.08,"y":-77.72},{"time":1.3667,"x":-6.82,"y":-47.83},{"time":2.1667,"x":0,"y":0,"curve":"stepped"},{"time":2.2,"x":-11.08,"y":-77.72},{"time":2.6667,"x":-6.82,"y":-47.83}]},"xingguang359":{"translate":[{"time":0,"x":-35,"y":7.13},{"time":1.3333,"x":0,"y":0,"curve":"stepped"},{"time":1.3667,"x":-35,"y":7.13},{"time":2.6667,"x":0,"y":0}]},"hudie3":{"rotate":[{"time":0,"angle":0},{"time":1.3333,"angle":-100.79},{"time":2.6667,"angle":-291.36}],"translate":[{"time":0,"x":95.28,"y":-27.58},{"time":1.3333,"x":-15.75,"y":13.3},{"time":2.6667,"x":-30.15,"y":19.32}],"scale":[{"time":0,"x":1,"y":1,"curve":[0.25,0,0.75,1]},{"time":0.1333,"x":0.166,"y":1,"curve":[0.25,0,0.75,1]},{"time":0.2667,"x":1,"y":1,"curve":[0.25,0,0.75,1]},{"time":0.4,"x":0.166,"y":1,"curve":[0.25,0,0.75,1]},{"time":0.5333,"x":1,"y":1,"curve":[0.25,0,0.75,1]},{"time":0.6667,"x":0.166,"y":1,"curve":[0.25,0,0.75,1]},{"time":0.8,"x":1,"y":1,"curve":[0.25,0,0.75,1]},{"time":0.9333,"x":0.166,"y":1,"curve":[0.25,0,0.75,1]},{"time":1.0667,"x":1,"y":1,"curve":[0.25,0,0.75,1]},{"time":1.2,"x":0.166,"y":1,"curve":[0.25,0,0.75,1]},{"time":1.3333,"x":1,"y":1,"curve":[0.25,0,0.75,1]},{"time":1.4667,"x":0.166,"y":1,"curve":[0.25,0,0.75,1]},{"time":1.6,"x":1,"y":1,"curve":[0.25,0,0.75,1]},{"time":1.7333,"x":0.166,"y":1,"curve":[0.25,0,0.75,1]},{"time":1.8667,"x":1,"y":1,"curve":[0.25,0,0.75,1]},{"time":2,"x":0.166,"y":1,"curve":[0.25,0,0.75,1]},{"time":2.1333,"x":1,"y":1,"curve":[0.25,0,0.75,1]},{"time":2.2667,"x":0.166,"y":1,"curve":[0.25,0,0.75,1]},{"time":2.4,"x":1,"y":1,"curve":[0.25,0,0.75,1]},{"time":2.5333,"x":0.166,"y":1,"curve":[0.25,0,0.75,1]},{"time":2.6667,"x":1,"y":1}]},"guanga":{"scale":[{"time":0,"x":0.733,"y":0.733},{"time":0.7333,"x":1.011,"y":1.011,"curve":"stepped"},{"time":0.7667,"x":0.506,"y":0.506},{"time":1.3667,"x":0.733,"y":0.733},{"time":2.1,"x":1.011,"y":1.011,"curve":"stepped"},{"time":2.1333,"x":0.506,"y":0.506},{"time":2.6667,"x":0.733,"y":0.733}]},"hudie2":{"rotate":[{"time":0,"angle":-34.33},{"time":2,"angle":-47.72}],"translate":[{"time":0,"x":104.35,"y":58.32},{"time":2,"x":0,"y":0},{"time":2.6667,"x":-36.27,"y":-0.89}],"scale":[{"time":0,"x":0.147,"y":1,"curve":[0.25,0,0.75,1]},{"time":0.1333,"x":1,"y":1,"curve":[0.25,0,0.75,1]},{"time":0.2667,"x":0.147,"y":1,"curve":[0.25,0,0.75,1]},{"time":0.4,"x":1,"y":1,"curve":[0.25,0,0.75,1]},{"time":0.5333,"x":0.147,"y":1,"curve":[0.25,0,0.75,1]},{"time":0.6667,"x":1,"y":1,"curve":[0.25,0,0.75,1]},{"time":0.8,"x":0.147,"y":1,"curve":[0.25,0,0.75,1]},{"time":0.9333,"x":1,"y":1,"curve":[0.25,0,0.75,1]},{"time":1.0667,"x":0.147,"y":1,"curve":[0.25,0,0.75,1]},{"time":1.2,"x":1,"y":1,"curve":[0.25,0,0.75,1]},{"time":1.3333,"x":0.147,"y":1,"curve":[0.25,0,0.75,1]},{"time":1.4667,"x":1,"y":1,"curve":[0.25,0,0.75,1]},{"time":1.6,"x":0.147,"y":1,"curve":[0.25,0,0.75,1]},{"time":1.7333,"x":1,"y":1,"curve":[0.25,0,0.75,1]},{"time":1.8667,"x":0.147,"y":1,"curve":[0.25,0,0.75,1]},{"time":2,"x":1,"y":1,"curve":[0.25,0,0.75,1]},{"time":2.1333,"x":0.147,"y":1,"curve":[0.25,0,0.75,1]},{"time":2.2667,"x":1,"y":1,"curve":[0.25,0,0.75,1]},{"time":2.4,"x":0.147,"y":1,"curve":[0.25,0,0.75,1]},{"time":2.5333,"x":1,"y":1,"curve":[0.25,0,0.75,1]},{"time":2.6667,"x":0.147,"y":1}]},"hudie1":{"rotate":[{"time":0,"angle":0},{"time":1.6667,"angle":32.41},{"time":2.6667,"angle":28.24}],"translate":[{"time":0,"x":-39.99,"y":39.77},{"time":1.6667,"x":0,"y":0},{"time":2.6667,"x":56.3,"y":-16.82}],"scale":[{"time":0,"x":0.147,"y":1,"curve":[0.25,0,0.75,1]},{"time":0.1,"x":1,"y":1,"curve":[0.25,0,0.75,1]},{"time":0.3,"x":0.147,"y":1,"curve":[0.25,0,0.75,1]},{"time":0.4,"x":1,"y":1,"curve":[0.25,0,0.75,1]},{"time":0.6,"x":0.147,"y":1,"curve":[0.25,0,0.75,1]},{"time":0.7,"x":1,"y":1,"curve":[0.25,0,0.75,1]},{"time":0.8667,"x":0.147,"y":1,"curve":[0.25,0,0.75,1]},{"time":1,"x":1,"y":1,"curve":[0.25,0,0.75,1]},{"time":1.1333,"x":0.147,"y":1,"curve":[0.25,0,0.75,1]},{"time":1.3,"x":1,"y":1,"curve":[0.25,0,0.75,1]},{"time":1.4,"x":0.147,"y":1,"curve":[0.25,0,0.75,1]},{"time":1.5667,"x":1,"y":1,"curve":[0.25,0,0.75,1]},{"time":1.7667,"x":0.147,"y":1,"curve":[0.25,0,0.75,1]},{"time":1.8667,"x":1,"y":1,"curve":[0.25,0,0.75,1]},{"time":2.0667,"x":0.147,"y":1,"curve":[0.25,0,0.75,1]},{"time":2.1667,"x":1,"y":1,"curve":[0.25,0,0.75,1]},{"time":2.3333,"x":0.147,"y":1,"curve":[0.25,0,0.75,1]},{"time":2.4667,"x":1,"y":1,"curve":[0.25,0,0.75,1]},{"time":2.6,"x":0.147,"y":1,"curve":[0.25,0,0.75,1]},{"time":2.6667,"x":1,"y":1}]},"guanga2":{"scale":[{"time":0,"x":0.506,"y":0.506},{"time":1.3333,"x":1.011,"y":1.011,"curve":"stepped"},{"time":1.3667,"x":0.506,"y":0.506},{"time":2.6667,"x":1.011,"y":1.011}]},"guanga3":{"scale":[{"time":0,"x":0.885,"y":0.885},{"time":0.3333,"x":1.011,"y":1.011,"curve":"stepped"},{"time":0.3667,"x":0.506,"y":0.506},{"time":1.3667,"x":0.885,"y":0.885},{"time":1.7,"x":1.011,"y":1.011,"curve":"stepped"},{"time":1.7333,"x":0.506,"y":0.506},{"time":2.6667,"x":0.885,"y":0.885}]}}}}}